{
  "dungeons_arise:wda_root": {
    "criteria": {
      "WDA": "2021-10-15 22:38:40 -0600"
    },
    "done": true
  },
  "apotheosis:spawner/root": {
    "criteria": {
      "game_start": "2021-10-15 22:38:40 -0600"
    },
    "done": true
  },
  "betteranimalsplus:bad_fox": {
    "criteria": {
      "no_bam": "2021-10-15 22:39:12 -0600"
    },
    "done": false
  },
  "farmersdelight:main/root": {
    "criteria": {
      "seeds": "2021-10-15 22:38:40 -0600"
    },
    "done": true
  },
  "betterdungeons:root": {
    "criteria": {
      "always": "2021-10-15 22:38:40 -0600"
    },
    "done": true
  },
  "betteranimalsplus:root": {
    "criteria": {
      "tick": "2021-10-15 22:38:40 -0600"
    },
    "done": true
  },
  "create:root": {
    "criteria": {
      "0": "2021-10-15 22:38:40 -0600"
    },
    "done": true
  },
  "iceandfire:iceandfire/root": {
    "criteria": {
      "tick": "2021-10-15 22:38:40 -0600"
    },
    "done": true
  },
  "mowziesmobs:root": {
    "criteria": {
      "custom_test_name": "2021-10-15 22:38:40 -0600"
    },
    "done": true
  },
  "tombstone:adventure/root": {
    "criteria": {
      "auto": "2021-10-15 22:38:40 -0600"
    },
    "done": true
  },
  "DataVersion": 2586
}