{
  "general": {
    "despawnItem": 6000,
    "customThrow": true,
    "fallSounds": true,
    "enableIgniting": false,
    "swimmingItems": {
      "entries": [
        "{material:\"minecraft:oak_planks\",id:\"material\"}",
        "{material:\"minecraft:white_bed\",id:\"material\"}",
        "{material:\"minecraft:sponge\",id:\"material\"}",
        "{material:\"minecraft:packed_ice\",id:\"material\"}",
        "{material:\"minecraft:ice\",id:\"material\"}",
        "{material:\"minecraft:oak_leaves\",id:\"material\"}",
        "{material:\"minecraft:oak_sapling\",id:\"material\"}",
        "{material:\"minecraft:white_carpet\",id:\"material\"}",
        "{material:\"minecraft:snow_block\",id:\"material\"}",
        "{material:\"minecraft:cactus\",id:\"material\"}",
        "{material:\"minecraft:cake\",id:\"material\"}",
        "{material:\"minecraft:grass\",id:\"material\"}",
        "{material:\"minecraft:cobweb\",id:\"material\"}",
        "{block:\"minecraft:snow\",id:\"block\"}",
        "{item:\"minecraft:apple\",id:\"item\"}",
        "{item:\"minecraft:bow\",id:\"item\"}",
        "{item:\"minecraft:bowl\",id:\"item\"}",
        "{item:\"minecraft:arrow\",id:\"item\"}",
        "{item:\"minecraft:apple\",id:\"item\"}",
        "{block:\"minecraft:tripwire\",id:\"block\"}",
        "{item:\"minecraft:feather\",id:\"item\"}",
        "{item:\"minecraft:wheat\",id:\"item\"}",
        "{item:\"minecraft:bread\",id:\"item\"}",
        "{item:\"minecraft:painting\",id:\"item\"}",
        "{item:\"minecraft:acacia_boat\",id:\"item\"}",
        "{block:\"minecraft:acacia_door\",id:\"block\"}",
        "{item:\"minecraft:dark_oak_boat\",id:\"item\"}",
        "{block:\"minecraft:dark_oak_door\",id:\"block\"}",
        "{item:\"minecraft:birch_boat\",id:\"item\"}",
        "{block:\"minecraft:birch_door\",id:\"block\"}",
        "{item:\"minecraft:jungle_boat\",id:\"item\"}",
        "{block:\"minecraft:jungle_door\",id:\"block\"}",
        "{item:\"minecraft:oak_boat\",id:\"item\"}",
        "{block:\"minecraft:oak_door\",id:\"block\"}",
        "{item:\"minecraft:spruce_boat\",id:\"item\"}",
        "{block:\"minecraft:spruce_door\",id:\"block\"}",
        "{item:\"minecraft:saddle\",id:\"item\"}",
        "{item:\"minecraft:bone\",id:\"item\"}",
        "{item:\"minecraft:sugar\",id:\"item\"}",
        "{item:\"minecraft:egg\",id:\"item\"}",
        "{item:\"minecraft:fishing_rod\",id:\"item\"}",
        "{block:\"minecraft:cake\",id:\"block\"}",
        "{block:\"minecraft:melon\",id:\"block\"}",
        "{item:\"minecraft:shears\",id:\"item\"}",
        "{block:\"minecraft:carrots\",id:\"block\"}",
        "{block:\"minecraft:potatoes\",id:\"block\"}",
        "{item:\"minecraft:poisonous_potato\",id:\"item\"}",
        "{item:\"minecraft:baked_potato\",id:\"item\"}",
        "{item:\"minecraft:pumpkin_pie\",id:\"item\"}",
        "{item:\"minecraft:elytra\",id:\"item\"}",
        "{item:\"minecraft:mutton\",id:\"item\"}",
        "{item:\"minecraft:cooked_mutton\",id:\"item\"}",
        "{item:\"minecraft:rabbit\",id:\"item\"}",
        "{item:\"minecraft:cooked_rabbit\",id:\"item\"}",
        "{item:\"minecraft:rabbit_stew\",id:\"item\"}",
        "{item:\"minecraft:beetroot\",id:\"item\"}",
        "{block:\"minecraft:beetroots\",id:\"block\"}",
        "{item:\"minecraft:beetroot_soup\",id:\"item\"}",
        "{item:\"minecraft:shield\",id:\"item\"}",
        "{block:\"minecraft:wheat\",id:\"block\"}",
        "{block:\"minecraft:pumpkin_stem\",id:\"block\"}",
        "{block:\"minecraft:melon_stem\",id:\"block\"}",
        "{item:\"minecraft:snowball\",id:\"item\"}"
      ],
      "isWhitelist": true
    },
    "burningItems": {
      "entries": [
        "{material:\"minecraft:oak_planks\",id:\"material\"}",
        "{material:\"minecraft:white_bed\",id:\"material\"}",
        "{material:\"minecraft:sponge\",id:\"material\"}",
        "{material:\"minecraft:packed_ice\",id:\"material\"}",
        "{material:\"minecraft:ice\",id:\"material\"}",
        "{material:\"minecraft:oak_leaves\",id:\"material\"}",
        "{material:\"minecraft:oak_sapling\",id:\"material\"}",
        "{material:\"minecraft:white_carpet\",id:\"material\"}",
        "{material:\"minecraft:snow_block\",id:\"material\"}",
        "{material:\"minecraft:cactus\",id:\"material\"}",
        "{material:\"minecraft:cake\",id:\"material\"}",
        "{material:\"minecraft:grass\",id:\"material\"}",
        "{material:\"minecraft:cobweb\",id:\"material\"}",
        "{material:\"minecraft:dirt\",id:\"material\"}",
        "{block:\"minecraft:snow\",id:\"block\"}",
        "{item:\"minecraft:apple\",id:\"item\"}",
        "{item:\"minecraft:bow\",id:\"item\"}",
        "{item:\"minecraft:bowl\",id:\"item\"}",
        "{item:\"minecraft:arrow\",id:\"item\"}",
        "{item:\"minecraft:apple\",id:\"item\"}",
        "{block:\"minecraft:tripwire\",id:\"block\"}",
        "{item:\"minecraft:feather\",id:\"item\"}",
        "{item:\"minecraft:wheat\",id:\"item\"}",
        "{item:\"minecraft:bread\",id:\"item\"}",
        "{item:\"minecraft:leather\",id:\"item\"}",
        "{item:\"minecraft:leather_boots\",id:\"item\"}",
        "{item:\"minecraft:leather_chestplate\",id:\"item\"}",
        "{item:\"minecraft:leather_helmet\",id:\"item\"}",
        "{item:\"minecraft:leather_leggings\",id:\"item\"}",
        "{item:\"minecraft:lead\",id:\"item\"}",
        "{item:\"minecraft:painting\",id:\"item\"}",
        "{item:\"minecraft:acacia_boat\",id:\"item\"}",
        "{block:\"minecraft:acacia_door\",id:\"block\"}",
        "{item:\"minecraft:dark_oak_boat\",id:\"item\"}",
        "{block:\"minecraft:dark_oak_door\",id:\"block\"}",
        "{item:\"minecraft:birch_boat\",id:\"item\"}",
        "{block:\"minecraft:birch_door\",id:\"block\"}",
        "{item:\"minecraft:jungle_boat\",id:\"item\"}",
        "{block:\"minecraft:jungle_door\",id:\"block\"}",
        "{item:\"minecraft:oak_boat\",id:\"item\"}",
        "{block:\"minecraft:oak_door\",id:\"block\"}",
        "{item:\"minecraft:spruce_boat\",id:\"item\"}",
        "{block:\"minecraft:spruce_door\",id:\"block\"}",
        "{item:\"minecraft:saddle\",id:\"item\"}",
        "{item:\"minecraft:bone\",id:\"item\"}",
        "{item:\"minecraft:sugar\",id:\"item\"}",
        "{item:\"minecraft:paper\",id:\"item\"}",
        "{item:\"minecraft:book\",id:\"item\"}",
        "{item:\"minecraft:egg\",id:\"item\"}",
        "{item:\"minecraft:fishing_rod\",id:\"item\"}",
        "{block:\"minecraft:cake\",id:\"block\"}",
        "{block:\"minecraft:melon\",id:\"block\"}",
        "{item:\"minecraft:shears\",id:\"item\"}",
        "{item:\"minecraft:writable_book\",id:\"item\"}",
        "{item:\"minecraft:written_book\",id:\"item\"}",
        "{block:\"minecraft:carrots\",id:\"block\"}",
        "{block:\"minecraft:potatoes\",id:\"block\"}",
        "{item:\"minecraft:poisonous_potato\",id:\"item\"}",
        "{item:\"minecraft:baked_potato\",id:\"item\"}",
        "{item:\"minecraft:map\",id:\"item\"}",
        "{item:\"minecraft:pumpkin_pie\",id:\"item\"}",
        "{item:\"minecraft:name_tag\",id:\"item\"}",
        "{item:\"minecraft:enchanted_book\",id:\"item\"}",
        "{item:\"minecraft:elytra\",id:\"item\"}",
        "{item:\"minecraft:mutton\",id:\"item\"}",
        "{item:\"minecraft:cooked_mutton\",id:\"item\"}",
        "{item:\"minecraft:rabbit\",id:\"item\"}",
        "{item:\"minecraft:cooked_rabbit\",id:\"item\"}",
        "{item:\"minecraft:rabbit_stew\",id:\"item\"}",
        "{item:\"minecraft:beetroot\",id:\"item\"}",
        "{block:\"minecraft:beetroots\",id:\"block\"}",
        "{item:\"minecraft:beetroot_soup\",id:\"item\"}",
        "{item:\"minecraft:shield\",id:\"item\"}",
        "{block:\"minecraft:wheat\",id:\"block\"}",
        "{block:\"minecraft:pumpkin_stem\",id:\"block\"}",
        "{block:\"minecraft:melon_stem\",id:\"block\"}",
        "{id:\"fuel\"}",
        "{item:\"minecraft:spider_eye\",id:\"item\"}",
        "{item:\"minecraft:rotten_flesh\",id:\"item\"}",
        "{item:\"minecraft:snowball\",id:\"item\"}"
      ],
      "isWhitelist": true
    },
    "undestroyableItems": {
      "entries": [
        "{item:\"minecraft:nether_star\",id:\"item\"}",
        "{block:\"minecraft:bedrock\",id:\"block\"}",
        "{block:\"minecraft:obsidian\",id:\"block\"}",
        "{material:\"minecraft:barrier\",id:\"material\"}"
      ],
      "isWhitelist": true
    },
    "ignitingItems": {
      "entries": [
        "{material:\"minecraft:lava\",id:\"material\"}",
        "{block:\"minecraft:torch\",id:\"block\"}",
        "{item:\"minecraft:lava_bucket\",id:\"item\"}",
        "{item:\"minecraft:blaze_powder\",id:\"item\"}"
      ],
      "isWhitelist": true
    }
  },
  "pickup": {
    "customPickup": true,
    "pickupWhenSneaking": true,
    "maximumPickupRange": 5.0
  }
}