[
	{
		"mob":"majruszs_difficulty:giant",
		"onjoin":"true",
		"result":"deny"
	},

// The Swamp Bois
	// Alligator Turtle
	{
		"mob":"alexsmobs:alligator_snapping_turtle",
		"biome":["minecraft:swamp","biomesoplenty:bayou","biomesoplenty:bayou_mangrove","biomesoplenty:dense_marsh","biomesoplenty:deep_bayou","biomesoplenty:marsh","biomesoplenty:wetland","projectvibrantjourneys:mangrove_marsh","projectvibrantjourneys:willow_wetlands","minecraft:swamp_hills","biomesoplenty:rainforest_floodplain"],
		"block":"minecraft:water",
		"result":"allow"
	},
	{
		"mob":"alexsmobs:alligator_snapping_turtle",
		"result":"deny"
	},
	
	// Crocodile
	{
		"mob":"alexsmobs:crocodile",
		"biome":["minecraft:swamp","biomesoplenty:bayou","biomesoplenty:bayou_mangrove","biomesoplenty:dense_marsh","biomesoplenty:deep_bayou","biomesoplenty:marsh","biomesoplenty:wetland","projectvibrantjourneys:mangrove_marsh","projectvibrantjourneys:willow_wetlands","minecraft:swamp_hills","biomesoplenty:rainforest_floodplain"],
		"result":"allow"
	},
	{
		"mob":"alexsmobs:crocodile",
		"result":"deny"
	},
		
	// Fresh Eal
	{
		"mob":"betteranimalsplus:eel_freshwater",
		"biome":["minecraft:swamp","biomesoplenty:bayou","biomesoplenty:bayou_mangrove","biomesoplenty:dense_marsh","biomesoplenty:deep_bayou","biomesoplenty:marsh","biomesoplenty:wetland","projectvibrantjourneys:mangrove_marsh","projectvibrantjourneys:willow_wetlands","minecraft:river","minecraft:swamp_hills","biomesoplenty:rainforest_floodplain"],
		"block":"minecraft:water",
		"result":"allow"
	},
	{
		"mob":"betteranimalsplus:eel_freshwater",
		"result":"deny"
	},
		
	// Piranha
	{
		"mob":"betteranimalsplus:piranha",
		"biome":["minecraft:swamp","biomesoplenty:bayou","biomesoplenty:bayou_mangrove","biomesoplenty:dense_marsh","biomesoplenty:deep_bayou","biomesoplenty:marsh","biomesoplenty:wetland","projectvibrantjourneys:mangrove_marsh","projectvibrantjourneys:willow_wetlands","minecraft:river","minecraft:swamp_hills","biomesoplenty:rainforest_floodplain"],
		"block":"minecraft:water",
		"result":"allow"
	},
	{
		"mob":"betteranimalsplus:piranha",
		"result":"deny"
	},
	
	// Shoebill
	{
		"mob":"alexsmobs:shoebill",
		"biome":["minecraft:swamp","biomesoplenty:bayou","biomesoplenty:bayou_mangrove","biomesoplenty:dense_marsh","biomesoplenty:deep_bayou","biomesoplenty:marsh","biomesoplenty:wetland","projectvibrantjourneys:mangrove_marsh","projectvibrantjourneys:willow_wetlands","minecraft:swamp_hills"],
		"result":"allow"
	},
	{
		"mob":"alexsmobs:shoebill",
		"result":"deny"
	},
	
// The Safari Bois
	// Elephant
	{
		"mob":"alexsmobs:elephant",
		"biome":["minecraft:shattered_savanna","biomesoplenty:dryland","biomesoplenty:lush_desert","biomesoplenty:lush_savanna","projectvibrantjourneys:desert_shrubland","minecraft:savanna","biomesoplenty:scrubland","projectvibrantjourneys:desert_shrubland"],
		"result":"allow"
	},
	{
		"mob":"alexsmobs:elephant",
		"result":"deny"
	},
	
	// Emu
	{
		"mob":"alexsmobs:emu",
		"biome":["minecraft:shattered_savanna","minecraft:shattered_savanna_plateau","biomesoplenty:dryland","biomesoplenty:lush_desert","biomesoplenty:lush_savanna","projectvibrantjourneys:desert_shrubland","minecraft:savanna_plateau","minecraft:savanna","biomesoplenty:scrubland","projectvibrantjourneys:red_rock_valley","projectvibrantjourneys:desert_shrubland"],
		"result":"allow"
	},
	{
		"mob":"alexsmobs:emu",
		"result":"deny"
	},
	
	// Gazelle
	{
		"mob":"alexsmobs:gazelle",
		"biome":["minecraft:shattered_savanna","minecraft:shattered_savanna_plateau","biomesoplenty:dryland","biomesoplenty:lush_desert","biomesoplenty:lush_savanna","projectvibrantjourneys:desert_shrubland","minecraft:savanna_plateau","minecraft:savanna","biomesoplenty:scrubland","projectvibrantjourneys:desert_shrubland"],
		"result":"allow"
	},
	{
		"mob":"alexsmobs:gazelle",
		"result":"deny"
	},
	
// The Aussies
	// Kangaroo
	{
		"mob":"alexsmobs:kangaroo",
		"biome":["minecraft:shattered_savanna","biomesoplenty:dryland","biomesoplenty:lush_desert","biomesoplenty:lush_savanna","projectvibrantjourneys:desert_shrubland","minecraft:badlands","minecraft:savanna","minecraft:savanna_plateau","minecraft:shattered_savanna_plateau","minecraft:eroded_badlands","minecraft:modified_wooded_badlands_plateau","minecraft:modified_badlands_plateau","biomesoplenty:scrubland","minecraft:badlands_plateau","projectvibrantjourneys:red_rock_valley","projectvibrantjourneys:desert_shrubland"],
		"result":"allow"
	},
	{
		"mob":"alexsmobs:kangaroo",
		"result":"deny"
	},
	
	// Komodo
	{
		"mob":"alexsmobs:komodo_dragon",
		"biome":["minecraft:shattered_savanna","biomesoplenty:dryland","biomesoplenty:lush_desert","biomesoplenty:lush_savanna","projectvibrantjourneys:desert_shrubland","minecraft:badlands","minecraft:savanna","minecraft:savanna_plateau","minecraft:shattered_savanna_plateau","minecraft:eroded_badlands","minecraft:modified_wooded_badlands_plateau","minecraft:modified_badlands_plateau","biomesoplenty:scrubland","minecraft:badlands_plateau","projectvibrantjourneys:red_rock_valley","projectvibrantjourneys:desert_shrubland"],
		"result":"allow"
	},
	{
		"mob":"alexsmobs:komodo_dragon",
		"result":"deny"
	},
	
	// Taz
	{
		"mob":"alexsmobs:tasmanian_devil",
		"biome":["minecraft:shattered_savanna","biomesoplenty:dryland","biomesoplenty:lush_desert","biomesoplenty:lush_savanna","projectvibrantjourneys:desert_shrubland","minecraft:badlands","minecraft:savanna","minecraft:savanna_plateau","minecraft:shattered_savanna_plateau","minecraft:eroded_badlands","minecraft:modified_wooded_badlands_plateau","minecraft:modified_badlands_plateau","biomesoplenty:scrubland","minecraft:badlands_plateau","projectvibrantjourneys:red_rock_valley","projectvibrantjourneys:desert_shrubland"],
		"result":"allow"
	},
	{
		"mob":"alexsmobs:tasmanian_devil",
		"result":"deny"
	},
	
	// Lammergeier
	{
		"mob":"betteranimalsplus:lammergeier",
		"biome":["minecraft:shattered_savanna","biomesoplenty:dryland","biomesoplenty:lush_desert","biomesoplenty:lush_savanna","projectvibrantjourneys:desert_shrubland","minecraft:badlands","minecraft:savanna","minecraft:savanna_plateau","minecraft:shattered_savanna_plateau","minecraft:eroded_badlands","minecraft:modified_wooded_badlands_plateau","minecraft:modified_badlands_plateau","biomesoplenty:scrubland","minecraft:badlands_plateau","projectvibrantjourneys:red_rock_valley","projectvibrantjourneys:desert_shrubland"],
		"result":"allow"
	},
	{
		"mob":"betteranimalsplus:lammergeier",
		"result":"deny"
	},
	
//The Everywheres
	// Coyote
	{
		"mob":"betteranimalsplus:coyote",
		"biome":["minecraft:plains","minecraft:desert","minecraft:desert_hills","minecraft:badlands","minecraft:wooded_badlands_plateau","minecraft:badlands_plateau","minecraft:eroded_badlands","minecraft:modified_wooded_badlands_plateau","minecraft:modified_badlands_plateau","biomesoplenty:flower_meadow","biomesoplenty:golden_prairie","biomesoplenty:grassland","biomesoplenty:grassland_clover_patch","biomesoplenty:grove","biomesoplenty:grove_clearing","biomesoplenty:meadow_forest","biomesoplenty:prairie","biomesoplenty:scrubland","biomesoplenty:shrubland","biomesoplenty:shrubland_hills","biomesoplenty:wooded_scrubland","projectvibrantjourneys:prairie","projectvibrantjourneys:desert_shrubland","projectvibrantjourneys:red_rock_valley"],
		"result":"allow"
	},
	{
		"mob":"betteranimalsplus:coyote",
		"result":"deny"
	},
	
	// Roadrunner
	{
		"mob":"alexsmobs:roadrunner",
		"biome":["minecraft:plains","minecraft:desert","minecraft:desert_hills","minecraft:badlands","minecraft:badlands_plateau","minecraft:eroded_badlands","minecraft:modified_badlands_plateau","biomesoplenty:golden_prairie","biomesoplenty:grassland","biomesoplenty:grassland_clover_patch","biomesoplenty:grove","biomesoplenty:prairie","biomesoplenty:scrubland","biomesoplenty:shrubland","biomesoplenty:shrubland_hills","projectvibrantjourneys:prairie","projectvibrantjourneys:desert_shrubland","projectvibrantjourneys:red_rock_valley"],
		"result":"allow"
	},
	{
		"mob":"alexsmobs:roadrunner",
		"result":"deny"
	},
	
	// Badger
	{
		"mob":"betteranimalsplus:badger",
		"biome":["minecraft:plains","minecraft:forest","minecraft:wooded_hills","minecraft:birch_forest","minecraft:birch_forest_hills","minecraft:savanna","minecraft:savanna_plateau","minecraft:wooded_badlands_plateau","biomesoplenty:orchard","biomesoplenty:grassland","biomesoplenty:grassland_clover_patch","biomesoplenty:grove","biomesoplenty:grove_clearing"],
		"result":"allow"
	},
	{
		"mob":"betteranimalsplus:badger",
		"result":"deny"
	},
	
	// Rattle snake
	{
		"mob":"alexsmobs:rattlesnake",
		"biome":["minecraft:plains","minecraft:desert","minecraft:desert_hills","minecraft:badlands","minecraft:badlands_plateau","minecraft:eroded_badlands","minecraft:modified_badlands_plateau","biomesoplenty:golden_prairie","biomesoplenty:grassland","biomesoplenty:grassland_clover_patch","biomesoplenty:grove","biomesoplenty:prairie","biomesoplenty:scrubland","biomesoplenty:shrubland","biomesoplenty:shrubland_hills","projectvibrantjourneys:prairie","projectvibrantjourneys:desert_shrubland","projectvibrantjourneys:red_rock_valley"],
		"result":"allow"
	},
	{
		"mob":"alexsmobs:rattlesnake",
		"result":"deny"
	},
	
// The deers
	// Deer
	{
		"mob":"betteranimalsplus:deer",
		"biome":["minecraft:forest","minecraft:taiga","minecraft:snowy_tundra","minecraft:wooded_hills","minecraft:taiga_hills","minecraft:mountain_edge","minecraft:birch_forest","minecraft:birch_forest_hills","minecraft:dark_forest","minecraft:snowy_taiga","minecraft:snowy_taiga_hills","minecraft:giant_tree_taiga","minecraft:giant_tree_taiga_hills","biomesoplenty:burnt_forest","biomesoplenty:cherry_blossom_grove","biomesoplenty:coniferous_forest","biomesoplenty:coniferous_lakes","biomesoplenty:dense_woodland","biomesoplenty:fir_clearing","biomesoplenty:grove","biomesoplenty:grove_clearing","biomesoplenty:grove_lakes","biomesoplenty:lavender_forest","biomesoplenty:mystic_grove","biomesoplenty:mystic_plains","minecraft:tall_birch_forest","minecraft:tall_birch_hills","minecraft:dark_forest_hills","minecraft:snowy_taiga_mountains","biomesoplenty:rainforest","minecraft:giant_spruce_taiga","minecraft:giant_spruce_taiga_hills",
		"biomesoplenty:rainforest_cliffs","biomesoplenty:rainforest_floodplain","biomesoplenty:redwood_forest","biomesoplenty:redwood_hills","biomesoplenty:seasonal_forest","biomesoplenty:seasonal_orchard","biomesoplenty:snowy_coniferous_forest","biomesoplenty:snowy_maple_forest","biomesoplenty:snowy_fir_clearing","biomesoplenty:tundra","biomesoplenty:tundra_basin","biomesoplenty:wooded_scrubland","biomesoplenty:woodland","projectvibrantjourneys:redwoods","projectvibrantjourneys:redwood_peaks","projectvibrantjourneys:pine_meadows","projectvibrantjourneys:aspen_grove","projectvibrantjourneys:aspen_grove_hills","projectvibrantjourneys:autumnal_coniferous_forest","biomesoplenty:jade_cliffs","biomesoplenty:ominous_woods"],
		"result":"allow"
	},
	{
		"mob":"betteranimalsplus:deer",
		"result":"deny"
	},
	
	// Reindeer
	{
		"mob":"betteranimalsplus:reindeer",
		"biome":["minecraft:taiga","minecraft:snowy_tundra","minecraft:taiga_hills","minecraft:snowy_taiga","minecraft:snowy_taiga_hills","minecraft:giant_tree_taiga","minecraft:giant_tree_taiga_hills","minecraft:snowy_taiga_mountains","minecraft:giant_spruce_taiga","minecraft:giant_spruce_taiga_hills","biomesoplenty:snowy_coniferous_forest","biomesoplenty:snowy_maple_forest","biomesoplenty:snowy_fir_clearing","biomesoplenty:tundra","biomesoplenty:tundra_basin","projectvibrantjourneys:pine_meadows","projectvibrantjourneys:snowy_boreal_forest","biomesoplenty:tundra","biomesoplenty:tundra_basin","biomesoplenty:tundra_bog","projectvibrantjourneys:boreal_plateau","projectvibrantjourneys:boreal_forest","projectvibrantjourneys:boreal_forest"],
		"result":"allow"
	},
	{
		"mob":"betteranimalsplus:reindeer",
		"result":"deny"
	},
	
	// Moose
	{
		"mob":"betteranimalsplus:moose",
		"biome":["minecraft:taiga","minecraft:snowy_tundra","minecraft:taiga_hills","minecraft:snowy_taiga","minecraft:snowy_taiga_hills","minecraft:giant_tree_taiga","minecraft:giant_tree_taiga_hills","minecraft:snowy_taiga_mountains","minecraft:giant_spruce_taiga","minecraft:giant_spruce_taiga_hills","biomesoplenty:snowy_coniferous_forest","biomesoplenty:snowy_maple_forest","biomesoplenty:snowy_fir_clearing","biomesoplenty:tundra","biomesoplenty:tundra_basin","projectvibrantjourneys:pine_meadows","projectvibrantjourneys:snowy_boreal_forest","biomesoplenty:tundra","biomesoplenty:tundra_basin","biomesoplenty:tundra_bog","projectvibrantjourneys:boreal_plateau","projectvibrantjourneys:boreal_forest","projectvibrantjourneys:boreal_forest","biomesoplenty:muskeg"],
		"result":"allow"
	},
	{
		"mob":"betteranimalsplus:moose",
		"result":"deny"
	},
	
	// Prevent alexsmobs Moose from spawning
	{
		"mob":"alexsmobs:moose",
		"onjoin":"true",
		"result":"deny"
	},
	
// Bears
	// Black Bear
	{
		"mob":"betteranimalsplus:blackbear",
		"biome":["minecraft:forest","minecraft:taiga","minecraft:snowy_tundra","minecraft:wooded_hills","minecraft:taiga_hills","minecraft:mountain_edge","minecraft:birch_forest","minecraft:birch_forest_hills","minecraft:dark_forest","minecraft:snowy_taiga","minecraft:snowy_taiga_hills","minecraft:giant_tree_taiga","minecraft:giant_tree_taiga_hills","biomesoplenty:burnt_forest","biomesoplenty:cherry_blossom_grove","biomesoplenty:coniferous_forest","biomesoplenty:coniferous_lakes","biomesoplenty:dense_woodland","biomesoplenty:fir_clearing","biomesoplenty:grove","biomesoplenty:grove_clearing","biomesoplenty:grove_lakes","biomesoplenty:lavender_forest","minecraft:tall_birch_forest","minecraft:tall_birch_hills","minecraft:dark_forest_hills","minecraft:snowy_taiga_mountains","minecraft:giant_spruce_taiga","minecraft:giant_spruce_taiga_hills","biomesoplenty:redwood_forest","biomesoplenty:redwood_hills","biomesoplenty:seasonal_forest","biomesoplenty:seasonal_orchard","biomesoplenty:snowy_coniferous_forest","biomesoplenty:snowy_maple_forest","biomesoplenty:snowy_fir_clearing","biomesoplenty:tundra","biomesoplenty:tundra_basin","biomesoplenty:wooded_scrubland","biomesoplenty:woodland","projectvibrantjourneys:redwoods","projectvibrantjourneys:redwood_peaks","projectvibrantjourneys:pine_meadows","projectvibrantjourneys:aspen_grove","projectvibrantjourneys:aspen_grove_hills","projectvibrantjourneys:autumnal_coniferous_forest","biomesoplenty:jade_cliffs","minecraft:tall_birch_forest","minecraft:tall_birch_hills","minecraft:dark_forest_hills"],
		"result":"allow"
	},
	{
		"mob":"betteranimalsplus:blackbear",
		"result":"deny"
	},
	
	//Grizzly
	{
		"mob":"betteranimalsplus:brownbear",
		"biome":["minecraft:taiga","minecraft:snowy_tundra","minecraft:taiga_hills","minecraft:snowy_taiga","minecraft:snowy_taiga_hills","minecraft:giant_tree_taiga","minecraft:giant_tree_taiga_hills","minecraft:snowy_taiga_mountains","minecraft:giant_spruce_taiga","minecraft:giant_spruce_taiga_hills","biomesoplenty:snowy_coniferous_forest","biomesoplenty:snowy_maple_forest","biomesoplenty:snowy_fir_clearing","biomesoplenty:tundra","biomesoplenty:tundra_basin","projectvibrantjourneys:pine_meadows","projectvibrantjourneys:snowy_boreal_forest","biomesoplenty:tundra","biomesoplenty:tundra_basin","biomesoplenty:tundra_bog","biomesoplenty:muskeg"],
		"result":"allow"
	},
	{
		"mob":"betteranimalsplus:brownbear",
		"result":"deny"
	},
	{
		"mob":"alexsmobs:grizzly_bear",
		"onjoin":"true",
		"result":"deny"
	},
	
// Wolves
	// Vanilla Bois
	{
		"mob":"minecraft:wolf",
		"biome":["minecraft:forest","minecraft:taiga","minecraft:snowy_tundra","minecraft:wooded_hills","minecraft:taiga_hills","minecraft:mountain_edge","minecraft:birch_forest","minecraft:birch_forest_hills","minecraft:dark_forest","minecraft:snowy_taiga","minecraft:snowy_taiga_hills","minecraft:giant_tree_taiga","minecraft:giant_tree_taiga_hills","biomesoplenty:burnt_forest","biomesoplenty:cherry_blossom_grove","biomesoplenty:coniferous_forest","biomesoplenty:coniferous_lakes","biomesoplenty:dense_woodland","biomesoplenty:fir_clearing","biomesoplenty:grove","biomesoplenty:grove_clearing","biomesoplenty:grove_lakes","biomesoplenty:lavender_forest","minecraft:tall_birch_forest","minecraft:tall_birch_hills","minecraft:dark_forest_hills","minecraft:snowy_taiga_mountains","minecraft:giant_spruce_taiga","minecraft:giant_spruce_taiga_hills","biomesoplenty:redwood_forest","biomesoplenty:redwood_hills","biomesoplenty:seasonal_forest","biomesoplenty:seasonal_orchard","biomesoplenty:snowy_coniferous_forest","biomesoplenty:snowy_maple_forest","biomesoplenty:snowy_fir_clearing","biomesoplenty:tundra","biomesoplenty:tundra_basin","biomesoplenty:wooded_scrubland","biomesoplenty:woodland","projectvibrantjourneys:redwoods","projectvibrantjourneys:redwood_peaks","projectvibrantjourneys:pine_meadows","projectvibrantjourneys:aspen_grove","projectvibrantjourneys:aspen_grove_hills","projectvibrantjourneys:autumnal_coniferous_forest","biomesoplenty:jade_cliffs","minecraft:flower_forest","minecraft:tall_birch_forest","minecraft:tall_birch_hills","minecraft:dark_forest_hills"],
		"result":"allow"
	},
	{
		"mob":"minecraft:wolf",
		"result":"deny"
	},
	
	// Feral Bois
	{
		"mob":"betteranimalsplus:feralwolf",
		"biome":["minecraft:taiga","minecraft:snowy_tundra","minecraft:taiga_hills","minecraft:snowy_taiga","minecraft:snowy_taiga_hills","minecraft:giant_tree_taiga","minecraft:giant_tree_taiga_hills","minecraft:snowy_taiga_mountains","minecraft:giant_spruce_taiga","minecraft:giant_spruce_taiga_hills","biomesoplenty:snowy_coniferous_forest","biomesoplenty:snowy_maple_forest","biomesoplenty:snowy_fir_clearing","biomesoplenty:tundra","biomesoplenty:tundra_basin","biomesoplenty:tundra","biomesoplenty:tundra_basin","biomesoplenty:ominous_mire","biomesoplenty:ominous_woods","minecraft:snowy_taiga_mountains"],
		"result":"allow"
	},
	{
		"mob":"betteranimalsplus:feralwolf",
		"result":"deny"
	},

// Goose
	{
		"mob":"betteranimalsplus:goose",
		"biome":["minecraft:river","minecraft:swamp","biomesoplenty:dense_marsh","biomesoplenty:marsh","biomesoplenty:wetland","projectvibrantjourneys:mangrove_marsh","projectvibrantjourneys:willow_wetlands","minecraft:swamp_hills","biomesoplenty:grove_lakes"],
		"result":"allow"
	},
	{
		"mob":"betteranimalsplus:goose",
		"result":"deny"
	},
		
// Jungle Bois
	// Gorilla
	{
		"mob":"alexsmobs:gorilla",
		"biome":["minecraft:jungle","minecraft:jungle_hills","biomesoplenty:bamboo_blossom_grove","biomesoplenty:jade_cliffs","minecraft:modified_jungle","biomesoplenty:rainforest_cliffs"],
		"result":"allow"
	},
	{
		"mob":"alexsmobs:gorilla",
		"result":"deny"
	},
	
	//Tiger
	{
		"mob":"alexsmobs:tiger",
		"biome":["minecraft:jungle","minecraft:jungle_hills","biomesoplenty:bamboo_blossom_grove","biomesoplenty:jade_cliffs","minecraft:modified_jungle","biomesoplenty:rainforest_cliffs"],
		"result":"allow"
	},
	{
		"mob":"alexsmobs:tiger",
		"result":"deny"
	},
	
	
	// Capuchin
	{
		"mob":"alexsmobs:capuchin_monkey",
		"biome":["minecraft:jungle","minecraft:jungle_hills","biomesoplenty:bamboo_blossom_grove","biomesoplenty:jade_cliffs","minecraft:modified_jungle","biomesoplenty:rainforest_cliffs"],
		"result":"allow"
	},
	{
		"mob":"alexsmobs:capuchin_monkey",
		"result":"deny"
	},
	
	//Songbird
	{
		"mob":"betteranimalsplus:songbird",
		"biome":["minecraft:jungle","minecraft:jungle_hills","biomesoplenty:bamboo_blossom_grove","biomesoplenty:jade_cliffs","minecraft:modified_jungle","biomesoplenty:rainforest_cliffs"],
		"result":"allow"
	},
	{
		"mob":"betteranimalsplus:songbird",
		"result":"deny"
	},
	
	//Ampithere
	{
		"mob":"iceandfire:amphithere",
		"biome":["minecraft:jungle","minecraft:jungle_hills","biomesoplenty:bamboo_blossom_grove","biomesoplenty:jade_cliffs","minecraft:modified_jungle","biomesoplenty:rainforest_cliffs"],
		"result":"allow"
	},
	{
		"mob":"iceandfire:amphithere",
		"result":"deny"
	},
	
	// Plant
	{
		"mob":"mowziesmobs:foliaath",
		"biome":["minecraft:jungle","minecraft:jungle_hills","biomesoplenty:bamboo_blossom_grove","biomesoplenty:jade_cliffs","minecraft:modified_jungle","biomesoplenty:rainforest_cliffs"],
		"result":"allow"
	},
	{
		"mob":"mowziesmobs:foliaath",
		"result":"deny"
	},
	
	//Parrot
	{
		"mob":"minecraft:parrot",
		"biome":["minecraft:jungle","minecraft:jungle_hills","biomesoplenty:bamboo_blossom_grove","biomesoplenty:jade_cliffs","minecraft:modified_jungle","biomesoplenty:rainforest_cliffs"],
		"result":"allow"
	},
	{
		"mob":"minecraft:parrot",
		"result":"deny"
	},
	
	//Panda
	{
		"mob":"minecraft:panda",
		"biome":["biomesoplenty:bamboo_blossom_grove","minecraft:bamboo_jungle","minecraft:bamboo_jungle_hills"],
		"result":"allow"
	},
	{
		"mob":"minecraft:panda",
		"result":"deny"
	},
	
// Cockatrice
	{
		"mob":"iceandfire:cockatrice",
		"biome":["minecraft:badlands","minecraft:badlands_plateau","minecraft:eroded_badlands","minecraft:modified_badlands_plateau","minecraft:savanna","minecraft:savanna_plateau","minecraft:wooded_badlands_plateau","minecraft:shattered_savanna","minecraft:shattered_savanna_plateau","minecraft:modified_wooded_badlands_plateau"],
		"result":"allow"
	},
	{
		"mob":"iceandfire:cockatrice",
		"result":"deny"
	},
	
// Deathworm
	{
		"mob":"iceandfire:deathworm",
		"biome":["minecraft:desert","biomesoplenty:dryland","biomesoplenty:dry_boneyard","minecraft:eroded_badlands","minecraft:desert_hills","biomesoplenty:lush_desert"],
		"result":"allow"
	},
	{
		"mob":"iceandfire:deathworm",
		"result":"deny"
	},
	
// Farm Animals
	{
		"mob":["minecraft:cow","minecraft:chicken","minecraft:sheep"],
		"biome":["minecraft:plains","minecraft:sunflower_plains","biomesoplenty:mystic_plains","biomesoplenty:golden_prairie","biomesoplenty:prairie","biomesoplenty:grassland","biomesoplenty:grassland_clover_patch","biomesoplenty:meadow","biomesoplenty:meadow_forest"],
		"result":"allow"
	},
	
// Snow Bois
	//Snow Leopard
	{
		"mob":"alexsmobs:snow_leopard",
		"biome":["biomesoplenty:snowy_coniferous_forest","biomesoplenty:snowy_maple_forest","biomesoplenty:snowy_fir_clearing","minecraft:snowy_tundra","minecraft:snowy_mountains","minecraft:snowy_taiga","minecraft:snowy_taiga_hills","minecraft:snowy_taiga_mountains"],
		"result":"allow"
	},
	{
		"mob":"alexsmobs:snow_leopard",
		"result":"deny"
	},
	
	//Frost Maw
	{
		"mob":"mowziesmobs:frostmaw",
		"biome":["minecraft:snowy_tundra","minecraft:snowy_mountains","minecraft:snowy_taiga_mountains","biomesoplenty:tundra","biomesoplenty:tundra_basin","biomesoplenty:tundra_bog","minecraft:frozen_river","biomesoplenty:alps_foothills","biomesoplenty:alps","minecraft:ice_spikes"],
		"result":"allow"
	},
	{
		"mob":"mowziesmobs:frostmaw",
		"result":"deny"
	},

//Naga
	{
		"mob":"mowziesmobs:naga",
		"biome":["biomesoplenty:jade_cliffs","biomesoplenty:rainforest_cliffs"],
		"result":"allow"
	},
	
//Amogus
	{
		"mob":"alexsmobs:mungus",
		"biome":["minecraft:mushroom_fields","minecraft:mushroom_field_shore","minecraft:dark_forest","minecraft:dark_forest_hills","biomesoplenty:mystic_grove","biomesoplenty:mystic_plains"],
		"result":"allow"
	},

//Goat
	{
		"mob":"betteranimalsplus:goat",
		"biome":["minecraft:tall_birch_forest","minecraft:tall_birch_hills","biomesoplenty:seasonal_forest","minecraft:forest","minecraft:birch_forest","minecraft:birch_forest_hills","biomesoplenty:coniferous_forest","minecraft:flower_forest","biomesoplenty:lavender_field","biomesoplenty:lavender_forest","biomesoplenty:meadow_forest","biomesoplenty:shrubland","biomesoplenty:shrubland_hills","minecraft:mountains","minecraft:mountain_edge","minecraft:wooded_mountains","minecraft:gravelly_mountains","minecraft:modified_gravelly_mountains","biomesoplenty:highland_crag"],
		"result":"allow"
	},
	{
		"mob":"betteranimalsplus:goat",
		"result":"deny"
	},

//Hippogryh
	{
		"mob":"iceandfire:hippogryph",
		"biome":["minecraft:mountains","minecraft:snowy_mountains","minecraft:wooded_mountains","minecraft:gravelly_mountains","minecraft:taiga_mountains","minecraft:snowy_taiga_mountains","minecraft:modified_gravelly_mountains","biomesoplenty:alps_foothills","biomesoplenty:alps","biomesoplenty:highland_crag"],
		"result":"allow"
	}
	
]