{
  "MAINHAND": {
    "betterendforge:aeternium_axe": 537,
    "betterendforge:aeternium_sword": 693,
    "betterendforge:terminite_axe": 559,
    "betterendforge:terminite_sword": 744,
    "betterendforge:thallasium_axe": 619,
    "betterendforge:thallasium_sword": 789,
    "betternether:cincinnasite_axe": 759,
    "betternether:cincinnasite_axe_diamond": 727,
    "betternether:cincinnasite_sword": 727,
    "betternether:cincinnasite_sword_diamond": 657,
    "betternether:nether_ruby_axe": 775,
    "betternether:nether_ruby_sword": 744,
    "eidolon:cleaving_axe": 559,
    "eidolon:reaper_scythe": 711,
    "eidolon:sapping_sword": 804,
    "engineerstools:redia_tool": 600,
    "epicfight:diamond_dagger": 804,
    "epicfight:diamond_greatsword": 831,
    "epicfight:diamond_longsword": 711,
    "epicfight:diamond_spear": 744,
    "epicfight:diamond_tachi": 711,
    "epicfight:golden_dagger": 879,
    "epicfight:golden_greatsword": 900,
    "epicfight:golden_longsword": 804,
    "epicfight:golden_spear": 831,
    "epicfight:golden_tachi": 804,
    "epicfight:iron_dagger": 831,
    "epicfight:iron_greatsword": 856,
    "epicfight:iron_longsword": 744,
    "epicfight:iron_spear": 775,
    "epicfight:iron_tachi": 744,
    "epicfight:katana": 744,
    "epicfight:knuckle": 856,
    "epicfight:netherite_dagger": 775,
    "epicfight:netherite_greatsword": 804,
    "epicfight:netherite_longsword": 676,
    "epicfight:netherite_spear": 711,
    "epicfight:netherite_tachi": 676,
    "epicfight:stone_greatsword": 879,
    "epicfight:stone_spear": 804,
    "iceandfire:amphithere_macuahuitl": 804,
    "iceandfire:copper_axe": 711,
    "iceandfire:copper_sword": 831,
    "iceandfire:dragonbone_axe": 559,
    "iceandfire:dragonbone_bow": 850,
    "iceandfire:dragonbone_sword": 711,
    "iceandfire:dragonbone_sword_fire": 657,
    "iceandfire:dragonbone_sword_ice": 657,
    "iceandfire:dragonbone_sword_lightning": 657,
    "iceandfire:dragonsteel_fire_axe": 1,
    "iceandfire:dragonsteel_fire_sword": 1,
    "iceandfire:dragonsteel_ice_axe": 1,
    "iceandfire:dragonsteel_ice_sword": 1,
    "iceandfire:dragonsteel_lightning_axe": 1,
    "iceandfire:dragonsteel_lightning_sword": 1,
    "iceandfire:dread_knight_sword": 324,
    "iceandfire:dread_queen_sword": 1,
    "iceandfire:dread_sword": 804,
    "iceandfire:ghost_sword": 600,
    "iceandfire:hippocampus_slapper": 879,
    "iceandfire:hippogryph_sword": 759,
    "iceandfire:myrmex_desert_axe": 676,
    "iceandfire:myrmex_desert_sword": 804,
    "iceandfire:myrmex_desert_sword_venom": 804,
    "iceandfire:myrmex_jungle_axe": 676,
    "iceandfire:myrmex_jungle_sword": 804,
    "iceandfire:myrmex_jungle_sword_venom": 804,
    "iceandfire:silver_axe": 676,
    "iceandfire:silver_sword": 804,
    "iceandfire:stymphalian_bird_dagger": 775,
    "iceandfire:troll_weapon_axe": 324,
    "iceandfire:troll_weapon_column": 324,
    "iceandfire:troll_weapon_column_forest": 324,
    "iceandfire:troll_weapon_column_frost": 324,
    "iceandfire:troll_weapon_hammer": 324,
    "iceandfire:troll_weapon_trunk": 324,
    "iceandfire:troll_weapon_trunk_frost": 324,
    "immersiveengineering:axe_steel": 579,
    "immersiveengineering:sword_steel": 744,
    "infernalexp:glowsilk_bow": 850,
    "majruszs_difficulty:end_axe": 471,
    "majruszs_difficulty:end_sword": 676,
    "majruszs_difficulty:wither_sword": 744,
    "minecraft:bow": 850,
    "minecraft:crossbow": 700,
    "minecraft:diamond_axe": 600,
    "minecraft:diamond_sword": 744,
    "minecraft:enchanted_book": 800,
    "minecraft:golden_axe": 676,
    "minecraft:golden_sword": 831,
    "minecraft:iron_axe": 600,
    "minecraft:iron_sword": 775,
    "minecraft:lingering_potion": 750,
    "minecraft:netherite_axe": 559,
    "minecraft:netherite_sword": 711,
    "minecraft:snowball": 900,
    "minecraft:splash_potion{Potion:\"minecraft:harming\"}": 750,
    "minecraft:stone_axe": 600,
    "minecraft:stone_sword": 804,
    "minecraft:tnt": 600,
    "minecraft:trident": 500,
    "minecraft:wooden_axe": 676,
    "minecraft:wooden_sword": 831,
    "mowziesmobs:blowgun": 850,
    "mowziesmobs:wrought_axe": 600,
    "notreepunching:diamond_knife": 804,
    "notreepunching:diamond_saw": 711,
    "notreepunching:flint_axe": 759,
    "notreepunching:flint_knife": 867,
    "notreepunching:gold_knife": 879,
    "notreepunching:gold_saw": 804,
    "notreepunching:iron_knife": 831,
    "notreepunching:iron_saw": 744,
    "notreepunching:macuahuitl": 817,
    "notreepunching:netherite_knife": 775,
    "notreepunching:netherite_saw": 676,
    "savageandravage:cleaver_of_beheading": 447,
    "spartanweaponry:battleaxe_bronze": 856,
    "spartanweaponry:battleaxe_copper": 867,
    "spartanweaponry:battleaxe_diamond": 831,
    "spartanweaponry:battleaxe_electrum": 856,
    "spartanweaponry:battleaxe_gold": 900,
    "spartanweaponry:battleaxe_invar": 851,
    "spartanweaponry:battleaxe_iron": 856,
    "spartanweaponry:battleaxe_lead": 856,
    "spartanweaponry:battleaxe_netherite": 804,
    "spartanweaponry:battleaxe_nickel": 856,
    "spartanweaponry:battleaxe_platinum": 817,
    "spartanweaponry:battleaxe_silver": 867,
    "spartanweaponry:battleaxe_steel": 843,
    "spartanweaponry:battleaxe_stone": 879,
    "spartanweaponry:battleaxe_tin": 861,
    "spartanweaponry:battleaxe_wood": 900,
    "spartanweaponry:cestus": 900,
    "spartanweaponry:cestus_studded": 856,
    "spartanweaponry:club_studded": 856,
    "spartanweaponry:club_wood": 900,
    "spartanweaponry:dagger_bronze": 856,
    "spartanweaponry:dagger_copper": 867,
    "spartanweaponry:dagger_diamond": 831,
    "spartanweaponry:dagger_electrum": 856,
    "spartanweaponry:dagger_gold": 900,
    "spartanweaponry:dagger_invar": 851,
    "spartanweaponry:dagger_iron": 856,
    "spartanweaponry:dagger_lead": 856,
    "spartanweaponry:dagger_netherite": 804,
    "spartanweaponry:dagger_nickel": 856,
    "spartanweaponry:dagger_platinum": 817,
    "spartanweaponry:dagger_silver": 867,
    "spartanweaponry:dagger_steel": 843,
    "spartanweaponry:dagger_stone": 879,
    "spartanweaponry:dagger_tin": 861,
    "spartanweaponry:dagger_wood": 900,
    "spartanweaponry:flanged_mace_bronze": 856,
    "spartanweaponry:flanged_mace_copper": 867,
    "spartanweaponry:flanged_mace_diamond": 831,
    "spartanweaponry:flanged_mace_electrum": 856,
    "spartanweaponry:flanged_mace_gold": 900,
    "spartanweaponry:flanged_mace_invar": 851,
    "spartanweaponry:flanged_mace_iron": 856,
    "spartanweaponry:flanged_mace_lead": 856,
    "spartanweaponry:flanged_mace_netherite": 804,
    "spartanweaponry:flanged_mace_nickel": 856,
    "spartanweaponry:flanged_mace_platinum": 817,
    "spartanweaponry:flanged_mace_silver": 867,
    "spartanweaponry:flanged_mace_steel": 843,
    "spartanweaponry:flanged_mace_stone": 879,
    "spartanweaponry:flanged_mace_tin": 861,
    "spartanweaponry:flanged_mace_wood": 900,
    "spartanweaponry:glaive_bronze": 856,
    "spartanweaponry:glaive_copper": 867,
    "spartanweaponry:glaive_diamond": 831,
    "spartanweaponry:glaive_electrum": 856,
    "spartanweaponry:glaive_gold": 900,
    "spartanweaponry:glaive_invar": 851,
    "spartanweaponry:glaive_iron": 856,
    "spartanweaponry:glaive_lead": 856,
    "spartanweaponry:glaive_netherite": 804,
    "spartanweaponry:glaive_nickel": 856,
    "spartanweaponry:glaive_platinum": 817,
    "spartanweaponry:glaive_silver": 867,
    "spartanweaponry:glaive_steel": 843,
    "spartanweaponry:glaive_stone": 879,
    "spartanweaponry:glaive_tin": 861,
    "spartanweaponry:glaive_wood": 900,
    "spartanweaponry:greatsword_bronze": 856,
    "spartanweaponry:greatsword_copper": 867,
    "spartanweaponry:greatsword_diamond": 831,
    "spartanweaponry:greatsword_electrum": 856,
    "spartanweaponry:greatsword_gold": 900,
    "spartanweaponry:greatsword_invar": 851,
    "spartanweaponry:greatsword_iron": 856,
    "spartanweaponry:greatsword_lead": 856,
    "spartanweaponry:greatsword_netherite": 804,
    "spartanweaponry:greatsword_nickel": 856,
    "spartanweaponry:greatsword_platinum": 817,
    "spartanweaponry:greatsword_silver": 867,
    "spartanweaponry:greatsword_steel": 843,
    "spartanweaponry:greatsword_stone": 879,
    "spartanweaponry:greatsword_tin": 861,
    "spartanweaponry:greatsword_wood": 900,
    "spartanweaponry:halberd_bronze": 856,
    "spartanweaponry:halberd_copper": 867,
    "spartanweaponry:halberd_diamond": 831,
    "spartanweaponry:halberd_electrum": 856,
    "spartanweaponry:halberd_gold": 900,
    "spartanweaponry:halberd_invar": 851,
    "spartanweaponry:halberd_iron": 856,
    "spartanweaponry:halberd_lead": 856,
    "spartanweaponry:halberd_netherite": 804,
    "spartanweaponry:halberd_nickel": 856,
    "spartanweaponry:halberd_platinum": 817,
    "spartanweaponry:halberd_silver": 867,
    "spartanweaponry:halberd_steel": 843,
    "spartanweaponry:halberd_stone": 879,
    "spartanweaponry:halberd_tin": 861,
    "spartanweaponry:halberd_wood": 900,
    "spartanweaponry:hammer_bronze": 856,
    "spartanweaponry:hammer_copper": 867,
    "spartanweaponry:hammer_diamond": 831,
    "spartanweaponry:hammer_electrum": 856,
    "spartanweaponry:hammer_gold": 900,
    "spartanweaponry:hammer_invar": 851,
    "spartanweaponry:hammer_iron": 856,
    "spartanweaponry:hammer_lead": 856,
    "spartanweaponry:hammer_netherite": 804,
    "spartanweaponry:hammer_nickel": 856,
    "spartanweaponry:hammer_platinum": 817,
    "spartanweaponry:hammer_silver": 867,
    "spartanweaponry:hammer_steel": 843,
    "spartanweaponry:hammer_stone": 879,
    "spartanweaponry:hammer_tin": 861,
    "spartanweaponry:hammer_wood": 900,
    "spartanweaponry:heavy_crossbow_bronze": 700,
    "spartanweaponry:heavy_crossbow_copper": 700,
    "spartanweaponry:heavy_crossbow_diamond": 700,
    "spartanweaponry:heavy_crossbow_electrum": 700,
    "spartanweaponry:heavy_crossbow_gold": 700,
    "spartanweaponry:heavy_crossbow_invar": 700,
    "spartanweaponry:heavy_crossbow_iron": 700,
    "spartanweaponry:heavy_crossbow_lead": 700,
    "spartanweaponry:heavy_crossbow_leather": 700,
    "spartanweaponry:heavy_crossbow_netherite": 700,
    "spartanweaponry:heavy_crossbow_nickel": 700,
    "spartanweaponry:heavy_crossbow_platinum": 700,
    "spartanweaponry:heavy_crossbow_silver": 700,
    "spartanweaponry:heavy_crossbow_steel": 700,
    "spartanweaponry:heavy_crossbow_tin": 700,
    "spartanweaponry:heavy_crossbow_wood": 700,
    "spartanweaponry:katana_bronze": 856,
    "spartanweaponry:katana_copper": 867,
    "spartanweaponry:katana_diamond": 831,
    "spartanweaponry:katana_electrum": 856,
    "spartanweaponry:katana_gold": 900,
    "spartanweaponry:katana_invar": 851,
    "spartanweaponry:katana_iron": 856,
    "spartanweaponry:katana_lead": 856,
    "spartanweaponry:katana_netherite": 804,
    "spartanweaponry:katana_nickel": 856,
    "spartanweaponry:katana_platinum": 817,
    "spartanweaponry:katana_silver": 867,
    "spartanweaponry:katana_steel": 843,
    "spartanweaponry:katana_stone": 879,
    "spartanweaponry:katana_tin": 861,
    "spartanweaponry:katana_wood": 900,
    "spartanweaponry:lance_bronze": 856,
    "spartanweaponry:lance_copper": 867,
    "spartanweaponry:lance_diamond": 831,
    "spartanweaponry:lance_electrum": 856,
    "spartanweaponry:lance_gold": 900,
    "spartanweaponry:lance_invar": 851,
    "spartanweaponry:lance_iron": 856,
    "spartanweaponry:lance_lead": 856,
    "spartanweaponry:lance_netherite": 804,
    "spartanweaponry:lance_nickel": 856,
    "spartanweaponry:lance_platinum": 817,
    "spartanweaponry:lance_silver": 867,
    "spartanweaponry:lance_steel": 843,
    "spartanweaponry:lance_stone": 879,
    "spartanweaponry:lance_tin": 861,
    "spartanweaponry:lance_wood": 900,
    "spartanweaponry:longbow_bronze": 850,
    "spartanweaponry:longbow_copper": 850,
    "spartanweaponry:longbow_diamond": 850,
    "spartanweaponry:longbow_electrum": 850,
    "spartanweaponry:longbow_gold": 850,
    "spartanweaponry:longbow_invar": 850,
    "spartanweaponry:longbow_iron": 850,
    "spartanweaponry:longbow_lead": 850,
    "spartanweaponry:longbow_leather": 850,
    "spartanweaponry:longbow_netherite": 850,
    "spartanweaponry:longbow_nickel": 850,
    "spartanweaponry:longbow_platinum": 850,
    "spartanweaponry:longbow_silver": 850,
    "spartanweaponry:longbow_steel": 850,
    "spartanweaponry:longbow_tin": 850,
    "spartanweaponry:longbow_wood": 850,
    "spartanweaponry:longsword_bronze": 856,
    "spartanweaponry:longsword_copper": 867,
    "spartanweaponry:longsword_diamond": 831,
    "spartanweaponry:longsword_electrum": 856,
    "spartanweaponry:longsword_gold": 900,
    "spartanweaponry:longsword_invar": 851,
    "spartanweaponry:longsword_iron": 856,
    "spartanweaponry:longsword_lead": 856,
    "spartanweaponry:longsword_netherite": 804,
    "spartanweaponry:longsword_nickel": 856,
    "spartanweaponry:longsword_platinum": 817,
    "spartanweaponry:longsword_silver": 867,
    "spartanweaponry:longsword_steel": 843,
    "spartanweaponry:longsword_stone": 879,
    "spartanweaponry:longsword_tin": 861,
    "spartanweaponry:longsword_wood": 900,
    "spartanweaponry:pike_bronze": 856,
    "spartanweaponry:pike_copper": 867,
    "spartanweaponry:pike_diamond": 831,
    "spartanweaponry:pike_electrum": 856,
    "spartanweaponry:pike_gold": 900,
    "spartanweaponry:pike_invar": 851,
    "spartanweaponry:pike_iron": 856,
    "spartanweaponry:pike_lead": 856,
    "spartanweaponry:pike_netherite": 804,
    "spartanweaponry:pike_nickel": 856,
    "spartanweaponry:pike_platinum": 817,
    "spartanweaponry:pike_silver": 867,
    "spartanweaponry:pike_steel": 843,
    "spartanweaponry:pike_stone": 879,
    "spartanweaponry:pike_tin": 861,
    "spartanweaponry:pike_wood": 900,
    "spartanweaponry:quarterstaff_bronze": 856,
    "spartanweaponry:quarterstaff_copper": 867,
    "spartanweaponry:quarterstaff_diamond": 831,
    "spartanweaponry:quarterstaff_electrum": 856,
    "spartanweaponry:quarterstaff_gold": 900,
    "spartanweaponry:quarterstaff_invar": 851,
    "spartanweaponry:quarterstaff_iron": 856,
    "spartanweaponry:quarterstaff_lead": 856,
    "spartanweaponry:quarterstaff_netherite": 804,
    "spartanweaponry:quarterstaff_nickel": 856,
    "spartanweaponry:quarterstaff_platinum": 817,
    "spartanweaponry:quarterstaff_silver": 867,
    "spartanweaponry:quarterstaff_steel": 843,
    "spartanweaponry:quarterstaff_stone": 879,
    "spartanweaponry:quarterstaff_tin": 861,
    "spartanweaponry:quarterstaff_wood": 900,
    "spartanweaponry:rapier_bronze": 856,
    "spartanweaponry:rapier_copper": 867,
    "spartanweaponry:rapier_diamond": 831,
    "spartanweaponry:rapier_electrum": 856,
    "spartanweaponry:rapier_gold": 900,
    "spartanweaponry:rapier_invar": 851,
    "spartanweaponry:rapier_iron": 856,
    "spartanweaponry:rapier_lead": 856,
    "spartanweaponry:rapier_netherite": 804,
    "spartanweaponry:rapier_nickel": 856,
    "spartanweaponry:rapier_platinum": 817,
    "spartanweaponry:rapier_silver": 867,
    "spartanweaponry:rapier_steel": 843,
    "spartanweaponry:rapier_stone": 879,
    "spartanweaponry:rapier_tin": 861,
    "spartanweaponry:rapier_wood": 900,
    "spartanweaponry:saber_bronze": 856,
    "spartanweaponry:saber_copper": 867,
    "spartanweaponry:saber_diamond": 831,
    "spartanweaponry:saber_electrum": 856,
    "spartanweaponry:saber_gold": 900,
    "spartanweaponry:saber_invar": 851,
    "spartanweaponry:saber_iron": 856,
    "spartanweaponry:saber_lead": 856,
    "spartanweaponry:saber_netherite": 804,
    "spartanweaponry:saber_nickel": 856,
    "spartanweaponry:saber_platinum": 817,
    "spartanweaponry:saber_silver": 867,
    "spartanweaponry:saber_steel": 843,
    "spartanweaponry:saber_stone": 879,
    "spartanweaponry:saber_tin": 861,
    "spartanweaponry:saber_wood": 900,
    "spartanweaponry:spear_bronze": 856,
    "spartanweaponry:spear_copper": 867,
    "spartanweaponry:spear_diamond": 831,
    "spartanweaponry:spear_electrum": 856,
    "spartanweaponry:spear_gold": 900,
    "spartanweaponry:spear_invar": 851,
    "spartanweaponry:spear_iron": 856,
    "spartanweaponry:spear_lead": 856,
    "spartanweaponry:spear_netherite": 804,
    "spartanweaponry:spear_nickel": 856,
    "spartanweaponry:spear_platinum": 817,
    "spartanweaponry:spear_silver": 867,
    "spartanweaponry:spear_steel": 843,
    "spartanweaponry:spear_stone": 879,
    "spartanweaponry:spear_tin": 861,
    "spartanweaponry:spear_wood": 900,
    "spartanweaponry:warhammer_bronze": 856,
    "spartanweaponry:warhammer_copper": 867,
    "spartanweaponry:warhammer_diamond": 831,
    "spartanweaponry:warhammer_electrum": 856,
    "spartanweaponry:warhammer_gold": 900,
    "spartanweaponry:warhammer_invar": 851,
    "spartanweaponry:warhammer_iron": 856,
    "spartanweaponry:warhammer_lead": 856,
    "spartanweaponry:warhammer_netherite": 804,
    "spartanweaponry:warhammer_nickel": 856,
    "spartanweaponry:warhammer_platinum": 817,
    "spartanweaponry:warhammer_silver": 867,
    "spartanweaponry:warhammer_steel": 843,
    "spartanweaponry:warhammer_stone": 879,
    "spartanweaponry:warhammer_tin": 861,
    "spartanweaponry:warhammer_wood": 900,
    "wyrmroost:blue_geode_axe": 600,
    "wyrmroost:blue_geode_sword": 759,
    "wyrmroost:platinum_axe": 619,
    "wyrmroost:platinum_sword": 775,
    "wyrmroost:purple_geode_axe": 516,
    "wyrmroost:purple_geode_sword": 676,
    "wyrmroost:red_geode_axe": 579,
    "wyrmroost:red_geode_sword": 727
  },
  "OFFHAND": {
    "bettershields:diamond_shield": 850,
    "bettershields:gold_shield": 850,
    "bettershields:iron_shield": 850,
    "bettershields:netherite_shield": 850,
    "bountifulbaubles:shield_ankh": 850,
    "bountifulbaubles:shield_cobalt": 850,
    "bountifulbaubles:shield_obsidian": 850,
    "majruszs_difficulty:ocean_shield": 850,
    "minecraft:ender_pearl": 600,
    "minecraft:flint_and_steel": 700,
    "minecraft:lava_bucket": 400,
    "minecraft:shield": 850
  },
  "FEET": {
    "alexsmobs:roadrunner_boots": 744,
    "betterendforge:aeternium_boots": 468,
    "betterendforge:crystalite_boots": 584,
    "betterendforge:terminite_boots": 640,
    "betterendforge:thallasium_boots": 763,
    "betternether:cincinnasite_boots": 889,
    "betternether:nether_ruby_boots": 886,
    "create:diving_boots": 866,
    "eidolon:warlock_boots": 707,
    "iceandfire:armor_amythest_boots": 508,
    "iceandfire:armor_black_boots": 508,
    "iceandfire:armor_blue_boots": 508,
    "iceandfire:armor_bronze_boots": 508,
    "iceandfire:armor_copper_boots": 508,
    "iceandfire:armor_copper_metal_boots": 843,
    "iceandfire:armor_electric_boots": 508,
    "iceandfire:armor_gray_boots": 508,
    "iceandfire:armor_green_boots": 508,
    "iceandfire:armor_red_boots": 508,
    "iceandfire:armor_sapphire_boots": 508,
    "iceandfire:armor_silver_boots": 508,
    "iceandfire:armor_silver_metal_boots": 777,
    "iceandfire:armor_white_boots": 508,
    "iceandfire:deathworm_red_boots": 776,
    "iceandfire:deathworm_white_boots": 776,
    "iceandfire:deathworm_yellow_boots": 776,
    "iceandfire:dragonsteel_fire_boots": 1,
    "iceandfire:dragonsteel_ice_boots": 1,
    "iceandfire:dragonsteel_lightning_boots": 1,
    "iceandfire:forest_troll_leather_boots": 716,
    "iceandfire:frost_troll_leather_boots": 716,
    "iceandfire:mountain_troll_leather_boots": 716,
    "iceandfire:myrmex_desert_boots": 702,
    "iceandfire:myrmex_jungle_boots": 702,
    "iceandfire:sheep_boots": 907,
    "iceandfire:tide_blue_boots": 573,
    "iceandfire:tide_bronze_boots": 573,
    "iceandfire:tide_deepblue_boots": 573,
    "iceandfire:tide_green_boots": 573,
    "iceandfire:tide_purple_boots": 573,
    "iceandfire:tide_red_boots": 573,
    "iceandfire:tide_teal_boots": 573,
    "immersiveengineering:armor_faraday_feet": 966,
    "immersiveengineering:armor_steel_feet": 705,
    "majruszs_difficulty:end_boots": 488,
    "majruszs_difficulty:hermes_boots": 827,
    "minecraft:chainmail_boots": 844,
    "minecraft:diamond_boots": 683,
    "minecraft:golden_boots": 900,
    "minecraft:iron_boots": 839,
    "minecraft:leather_boots": 932,
    "minecraft:netherite_boots": 648,
    "mutantbeasts:mutant_skeleton_boots": 778,
    "savageandravage:griefer_boots": 772,
    "wyrmroost:blue_geode_boots": 578,
    "wyrmroost:drake_boots": 577,
    "wyrmroost:platinum_boots": 720,
    "wyrmroost:purple_geode_boots": 400,
    "wyrmroost:red_geode_boots": 561
  },
  "LEGS": {
    "alexsmobs:centipede_leggings": 682,
    "alexsmobs:emu_leggings": 829,
    "betterendforge:aeternium_leggings": 468,
    "betterendforge:crystalite_leggings": 584,
    "betterendforge:terminite_leggings": 640,
    "betterendforge:thallasium_leggings": 763,
    "betternether:cincinnasite_leggings": 889,
    "betternether:nether_ruby_leggings": 886,
    "epicfight:stray_pants": 918,
    "iceandfire:armor_amythest_leggings": 508,
    "iceandfire:armor_black_leggings": 508,
    "iceandfire:armor_blue_leggings": 508,
    "iceandfire:armor_bronze_leggings": 508,
    "iceandfire:armor_copper_leggings": 508,
    "iceandfire:armor_copper_metal_leggings": 843,
    "iceandfire:armor_electric_leggings": 508,
    "iceandfire:armor_gray_leggings": 508,
    "iceandfire:armor_green_leggings": 508,
    "iceandfire:armor_red_leggings": 508,
    "iceandfire:armor_sapphire_leggings": 508,
    "iceandfire:armor_silver_leggings": 508,
    "iceandfire:armor_silver_metal_leggings": 777,
    "iceandfire:armor_white_leggings": 508,
    "iceandfire:deathworm_red_leggings": 776,
    "iceandfire:deathworm_white_leggings": 776,
    "iceandfire:deathworm_yellow_leggings": 776,
    "iceandfire:dragonsteel_fire_leggings": 1,
    "iceandfire:dragonsteel_ice_leggings": 1,
    "iceandfire:dragonsteel_lightning_leggings": 1,
    "iceandfire:forest_troll_leather_leggings": 716,
    "iceandfire:frost_troll_leather_leggings": 716,
    "iceandfire:mountain_troll_leather_leggings": 716,
    "iceandfire:myrmex_desert_leggings": 702,
    "iceandfire:myrmex_jungle_leggings": 702,
    "iceandfire:sheep_leggings": 907,
    "iceandfire:tide_blue_leggings": 573,
    "iceandfire:tide_bronze_leggings": 573,
    "iceandfire:tide_deepblue_leggings": 573,
    "iceandfire:tide_green_leggings": 573,
    "iceandfire:tide_purple_leggings": 573,
    "iceandfire:tide_red_leggings": 573,
    "iceandfire:tide_teal_leggings": 573,
    "immersiveengineering:armor_faraday_legs": 966,
    "immersiveengineering:armor_steel_legs": 705,
    "majruszs_difficulty:end_leggings": 488,
    "minecraft:chainmail_leggings": 844,
    "minecraft:diamond_leggings": 683,
    "minecraft:golden_leggings": 900,
    "minecraft:iron_leggings": 839,
    "minecraft:leather_leggings": 932,
    "minecraft:netherite_leggings": 648,
    "mutantbeasts:mutant_skeleton_leggings": 778,
    "savageandravage:griefer_leggings": 772,
    "wyrmroost:blue_geode_leggings": 578,
    "wyrmroost:drake_leggings": 577,
    "wyrmroost:platinum_leggings": 720,
    "wyrmroost:purple_geode_leggings": 400,
    "wyrmroost:red_geode_leggings": 561
  },
  "CHEST": {
    "alexsmobs:crocodile_chestplate": 680,
    "alexsmobs:tarantula_hawk_elytra": 857,
    "betteranimalsplus:bear_cape_black": 881,
    "betteranimalsplus:bear_cape_brown": 881,
    "betteranimalsplus:bear_cape_kermode": 881,
    "betteranimalsplus:wolf_cape_arctic": 881,
    "betteranimalsplus:wolf_cape_black": 881,
    "betteranimalsplus:wolf_cape_brown": 881,
    "betteranimalsplus:wolf_cape_classic": 881,
    "betteranimalsplus:wolf_cape_red": 881,
    "betteranimalsplus:wolf_cape_timber": 881,
    "betterendforge:aeternium_chestplate": 468,
    "betterendforge:crystalite_chestplate": 584,
    "betterendforge:terminite_chestplate": 640,
    "betterendforge:thallasium_chestplate": 763,
    "betternether:cincinnasite_chestplate": 889,
    "betternether:nether_ruby_chestplate": 886,
    "create:copper_backtank": 829,
    "eidolon:warlock_cloak": 707,
    "epicfight:stray_robe": 918,
    "iceandfire:armor_amythest_chestplate": 508,
    "iceandfire:armor_black_chestplate": 508,
    "iceandfire:armor_blue_chestplate": 508,
    "iceandfire:armor_bronze_chestplate": 508,
    "iceandfire:armor_copper_chestplate": 508,
    "iceandfire:armor_copper_metal_chestplate": 843,
    "iceandfire:armor_electric_chestplate": 508,
    "iceandfire:armor_gray_chestplate": 508,
    "iceandfire:armor_green_chestplate": 508,
    "iceandfire:armor_red_chestplate": 508,
    "iceandfire:armor_sapphire_chestplate": 508,
    "iceandfire:armor_silver_chestplate": 508,
    "iceandfire:armor_silver_metal_chestplate": 777,
    "iceandfire:armor_white_chestplate": 508,
    "iceandfire:deathworm_red_chestplate": 776,
    "iceandfire:deathworm_white_chestplate": 776,
    "iceandfire:deathworm_yellow_chestplate": 776,
    "iceandfire:dragonsteel_fire_chestplate": 1,
    "iceandfire:dragonsteel_ice_chestplate": 1,
    "iceandfire:dragonsteel_lightning_chestplate": 1,
    "iceandfire:forest_troll_leather_chestplate": 716,
    "iceandfire:frost_troll_leather_chestplate": 716,
    "iceandfire:mountain_troll_leather_chestplate": 716,
    "iceandfire:myrmex_desert_chestplate": 702,
    "iceandfire:myrmex_jungle_chestplate": 702,
    "iceandfire:sheep_chestplate": 907,
    "iceandfire:tide_blue_chestplate": 573,
    "iceandfire:tide_bronze_chestplate": 573,
    "iceandfire:tide_deepblue_chestplate": 573,
    "iceandfire:tide_green_chestplate": 573,
    "iceandfire:tide_purple_chestplate": 573,
    "iceandfire:tide_red_chestplate": 573,
    "iceandfire:tide_teal_chestplate": 573,
    "immersiveengineering:armor_faraday_chest": 966,
    "immersiveengineering:armor_steel_chest": 705,
    "majruszs_difficulty:end_chestplate": 488,
    "minecraft:chainmail_chestplate": 844,
    "minecraft:diamond_chestplate": 683,
    "minecraft:golden_chestplate": 900,
    "minecraft:iron_chestplate": 839,
    "minecraft:leather_chestplate": 932,
    "minecraft:netherite_chestplate": 648,
    "mutantbeasts:mutant_skeleton_chestplate": 778,
    "quark:backpack": 914,
    "savageandravage:griefer_chestplate": 772,
    "wyrmroost:blue_geode_chestplate": 578,
    "wyrmroost:drake_chestplate": 577,
    "wyrmroost:platinum_chestplate": 720,
    "wyrmroost:purple_geode_chestplate": 400,
    "wyrmroost:red_geode_chestplate": 561
  },
  "HEAD": {
    "alexsmobs:fedora": 835,
    "alexsmobs:frontier_cap": 754,
    "alexsmobs:moose_headgear": 706,
    "alexsmobs:sombrero": 791,
    "alexsmobs:spiked_turtle_shell": 549,
    "betterendforge:aeternium_helmet": 468,
    "betterendforge:crystalite_helmet": 584,
    "betterendforge:terminite_helmet": 640,
    "betterendforge:thallasium_helmet": 763,
    "betternether:cincinnasite_helmet": 889,
    "betternether:nether_ruby_helmet": 886,
    "conjurer_illager:conjurer_hat": 907,
    "create:diving_helmet": 866,
    "eidolon:top_hat": 898,
    "eidolon:warlock_hat": 707,
    "epicfight:stray_hat": 918,
    "iceandfire:armor_amythest_helmet": 508,
    "iceandfire:armor_black_helmet": 508,
    "iceandfire:armor_blue_helmet": 508,
    "iceandfire:armor_bronze_helmet": 508,
    "iceandfire:armor_copper_helmet": 508,
    "iceandfire:armor_copper_metal_helmet": 843,
    "iceandfire:armor_electric_helmet": 508,
    "iceandfire:armor_gray_helmet": 508,
    "iceandfire:armor_green_helmet": 508,
    "iceandfire:armor_red_helmet": 508,
    "iceandfire:armor_sapphire_helmet": 508,
    "iceandfire:armor_silver_helmet": 508,
    "iceandfire:armor_silver_metal_helmet": 777,
    "iceandfire:armor_white_helmet": 508,
    "iceandfire:blindfold": 922,
    "iceandfire:deathworm_red_helmet": 776,
    "iceandfire:deathworm_white_helmet": 776,
    "iceandfire:deathworm_yellow_helmet": 776,
    "iceandfire:dragonsteel_fire_helmet": 1,
    "iceandfire:dragonsteel_ice_helmet": 1,
    "iceandfire:dragonsteel_lightning_helmet": 1,
    "iceandfire:earplugs": 922,
    "iceandfire:forest_troll_leather_helmet": 716,
    "iceandfire:frost_troll_leather_helmet": 716,
    "iceandfire:mountain_troll_leather_helmet": 716,
    "iceandfire:myrmex_desert_helmet": 702,
    "iceandfire:myrmex_jungle_helmet": 702,
    "iceandfire:sheep_helmet": 907,
    "iceandfire:tide_blue_helmet": 573,
    "iceandfire:tide_bronze_helmet": 573,
    "iceandfire:tide_deepblue_helmet": 573,
    "iceandfire:tide_green_helmet": 573,
    "iceandfire:tide_purple_helmet": 573,
    "iceandfire:tide_red_helmet": 573,
    "iceandfire:tide_teal_helmet": 573,
    "immersiveengineering:armor_faraday_head": 966,
    "immersiveengineering:armor_steel_head": 705,
    "majruszs_difficulty:end_helmet": 488,
    "minecraft:chainmail_helmet": 844,
    "minecraft:diamond_helmet": 683,
    "minecraft:golden_helmet": 900,
    "minecraft:iron_helmet": 839,
    "minecraft:leather_helmet": 932,
    "minecraft:netherite_helmet": 648,
    "minecraft:turtle_helmet": 759,
    "mowziesmobs:barako_mask": 932,
    "mowziesmobs:barakoa_mask_bliss": 917,
    "mowziesmobs:barakoa_mask_faith": 917,
    "mowziesmobs:barakoa_mask_fear": 917,
    "mowziesmobs:barakoa_mask_fury": 917,
    "mowziesmobs:barakoa_mask_misery": 917,
    "mowziesmobs:barakoa_mask_rage": 917,
    "mowziesmobs:wrought_helmet": 746,
    "quark:forgotten_hat": 932,
    "savageandravage:griefer_helmet": 772,
    "wyrmroost:blue_geode_helmet": 578,
    "wyrmroost:drake_helmet": 577,
    "wyrmroost:platinum_helmet": 720,
    "wyrmroost:purple_geode_helmet": 400,
    "wyrmroost:red_geode_helmet": 561
  }
}